-- phpMyAdmin SQL Dump
-- version 5.2.1
-- https://www.phpmyadmin.net/
--
-- Host: 127.0.0.1
-- Generation Time: Dec 04, 2024 at 05:17 AM
-- Server version: 10.4.32-MariaDB
-- PHP Version: 8.2.12

SET SQL_MODE = "NO_AUTO_VALUE_ON_ZERO";
START TRANSACTION;
SET time_zone = "+00:00";


/*!40101 SET @OLD_CHARACTER_SET_CLIENT=@@CHARACTER_SET_CLIENT */;
/*!40101 SET @OLD_CHARACTER_SET_RESULTS=@@CHARACTER_SET_RESULTS */;
/*!40101 SET @OLD_COLLATION_CONNECTION=@@COLLATION_CONNECTION */;
/*!40101 SET NAMES utf8mb4 */;

--
-- Database: `quiz_system`
--

-- --------------------------------------------------------

--
-- Table structure for table `options`
--

CREATE TABLE `options` (
  `option_id` int(11) NOT NULL,
  `question_id` int(11) DEFAULT NULL,
  `option_text` text DEFAULT NULL,
  `option_letter` char(1) DEFAULT NULL
) ENGINE=InnoDB DEFAULT CHARSET=utf8mb4 COLLATE=utf8mb4_general_ci;

--
-- Dumping data for table `options`
--

INSERT INTO `options` (`option_id`, `question_id`, `option_text`, `option_letter`) VALUES
(1, 1, 'h', 'A'),
(2, 1, 'e', 'B'),
(3, 1, 'l', 'C'),
(4, 1, 'l', 'D'),
(5, 2, 'amazon window service', 'A'),
(6, 2, 'amazon zure srevice', 'B'),
(7, 2, 'Amazon Web service', 'C'),
(8, 2, 'amazon website service', 'D'),
(9, 3, 'Structure query lable', 'A'),
(10, 3, 'strcture query language', 'B'),
(11, 3, 'sql', 'C'),
(12, 3, 'sql1', 'D');

-- --------------------------------------------------------

--
-- Table structure for table `questions`
--

CREATE TABLE `questions` (
  `question_id` int(11) NOT NULL,
  `quiz_id` int(11) DEFAULT NULL,
  `question_text` text DEFAULT NULL,
  `correct_answer` char(1) DEFAULT NULL
) ENGINE=InnoDB DEFAULT CHARSET=utf8mb4 COLLATE=utf8mb4_general_ci;

--
-- Dumping data for table `questions`
--

INSERT INTO `questions` (`question_id`, `quiz_id`, `question_text`, `correct_answer`) VALUES
(1, 1, 'Diffrence betwwen the list and tuple', 'A'),
(2, 2, 'What is full From of Aws', 'C'),
(3, 3, 'Full form of Sql', 'B');

-- --------------------------------------------------------

--
-- Table structure for table `quizzes`
--

CREATE TABLE `quizzes` (
  `quiz_id` int(11) NOT NULL,
  `title` varchar(100) DEFAULT NULL
) ENGINE=InnoDB DEFAULT CHARSET=utf8mb4 COLLATE=utf8mb4_general_ci;

--
-- Dumping data for table `quizzes`
--

INSERT INTO `quizzes` (`quiz_id`, `title`) VALUES
(1, 'Python basic'),
(2, 'Aws Basic test'),
(3, 'sql test');

-- --------------------------------------------------------

--
-- Table structure for table `results`
--

CREATE TABLE `results` (
  `result_id` int(11) NOT NULL,
  `user_id` int(11) DEFAULT NULL,
  `quiz_id` int(11) DEFAULT NULL,
  `score` int(11) DEFAULT NULL,
  `date_taken` timestamp NOT NULL DEFAULT current_timestamp()
) ENGINE=InnoDB DEFAULT CHARSET=utf8mb4 COLLATE=utf8mb4_general_ci;

--
-- Dumping data for table `results`
--

INSERT INTO `results` (`result_id`, `user_id`, `quiz_id`, `score`, `date_taken`) VALUES
(4, 1, 1, 0, '2024-11-14 10:25:38'),
(5, 1, 2, 1, '2024-11-14 11:12:32'),
(6, 1, 3, 0, '2024-11-14 12:18:20');

-- --------------------------------------------------------

--
-- Table structure for table `users`
--

CREATE TABLE `users` (
  `user_id` int(11) NOT NULL,
  `username` varchar(50) DEFAULT NULL,
  `password` varchar(50) DEFAULT NULL,
  `role` enum('user','admin') DEFAULT 'user'
) ENGINE=InnoDB DEFAULT CHARSET=utf8mb4 COLLATE=utf8mb4_general_ci;

--
-- Dumping data for table `users`
--

INSERT INTO `users` (`user_id`, `username`, `password`, `role`) VALUES
(1, 'arbaz', 'arbaz@123', 'user'),
(3, 'neelum', '1234', 'admin'),
(4, 'sameer', '123', 'admin'),
(6, 'priya', '1234', 'admin');

--
-- Indexes for dumped tables
--

--
-- Indexes for table `options`
--
ALTER TABLE `options`
  ADD PRIMARY KEY (`option_id`),
  ADD KEY `question_id` (`question_id`);

--
-- Indexes for table `questions`
--
ALTER TABLE `questions`
  ADD PRIMARY KEY (`question_id`),
  ADD KEY `quiz_id` (`quiz_id`);

--
-- Indexes for table `quizzes`
--
ALTER TABLE `quizzes`
  ADD PRIMARY KEY (`quiz_id`);

--
-- Indexes for table `results`
--
ALTER TABLE `results`
  ADD PRIMARY KEY (`result_id`),
  ADD KEY `user_id` (`user_id`),
  ADD KEY `quiz_id` (`quiz_id`);

--
-- Indexes for table `users`
--
ALTER TABLE `users`
  ADD PRIMARY KEY (`user_id`),
  ADD UNIQUE KEY `username` (`username`);

--
-- AUTO_INCREMENT for dumped tables
--

--
-- AUTO_INCREMENT for table `options`
--
ALTER TABLE `options`
  MODIFY `option_id` int(11) NOT NULL AUTO_INCREMENT, AUTO_INCREMENT=13;

--
-- AUTO_INCREMENT for table `questions`
--
ALTER TABLE `questions`
  MODIFY `question_id` int(11) NOT NULL AUTO_INCREMENT, AUTO_INCREMENT=4;

--
-- AUTO_INCREMENT for table `quizzes`
--
ALTER TABLE `quizzes`
  MODIFY `quiz_id` int(11) NOT NULL AUTO_INCREMENT, AUTO_INCREMENT=4;

--
-- AUTO_INCREMENT for table `results`
--
ALTER TABLE `results`
  MODIFY `result_id` int(11) NOT NULL AUTO_INCREMENT, AUTO_INCREMENT=7;

--
-- AUTO_INCREMENT for table `users`
--
ALTER TABLE `users`
  MODIFY `user_id` int(11) NOT NULL AUTO_INCREMENT, AUTO_INCREMENT=8;

--
-- Constraints for dumped tables
--

--
-- Constraints for table `options`
--
ALTER TABLE `options`
  ADD CONSTRAINT `options_ibfk_1` FOREIGN KEY (`question_id`) REFERENCES `questions` (`question_id`);

--
-- Constraints for table `questions`
--
ALTER TABLE `questions`
  ADD CONSTRAINT `questions_ibfk_1` FOREIGN KEY (`quiz_id`) REFERENCES `quizzes` (`quiz_id`);

--
-- Constraints for table `results`
--
ALTER TABLE `results`
  ADD CONSTRAINT `results_ibfk_1` FOREIGN KEY (`user_id`) REFERENCES `users` (`user_id`),
  ADD CONSTRAINT `results_ibfk_2` FOREIGN KEY (`quiz_id`) REFERENCES `quizzes` (`quiz_id`);
COMMIT;

/*!40101 SET CHARACTER_SET_CLIENT=@OLD_CHARACTER_SET_CLIENT */;
/*!40101 SET CHARACTER_SET_RESULTS=@OLD_CHARACTER_SET_RESULTS */;
/*!40101 SET COLLATION_CONNECTION=@OLD_COLLATION_CONNECTION */;
